{
    "checkpoint": "epoch=02-val_acc=0.8655",
    "train": [
        {
            "loss": 0.28148218989372253,
            "acc": 0.8988982439041138
        }
    ],
    "validation": [
        {
            "loss": 0.3455379605293274,
            "acc": 0.8654947876930237
        }
    ],
    "test": [
        {
            "loss": 0.36695823073387146,
            "acc": 0.8593593239784241
        }
    ]
}