{
    "checkpoint": "epoch=02-val_acc=0.8653",
    "train": [
        {
            "loss": 0.2815486192703247,
            "acc": 0.8989081382751465
        }
    ],
    "validation": [
        {
            "loss": 0.34530848264694214,
            "acc": 0.8652666807174683
        }
    ],
    "test": [
        {
            "loss": 0.3671700358390808,
            "acc": 0.8592743873596191
        }
    ]
}