{
    "checkpoint": "epoch=01-val_acc=0.8650",
    "train": [
        {
            "loss": 0.2725042998790741,
            "acc": 0.8907820582389832
        }
    ],
    "validation": [
        {
            "loss": 0.32270264625549316,
            "acc": 0.8650236129760742
        }
    ],
    "test": [
        {
            "loss": 0.33443570137023926,
            "acc": 0.8583388924598694
        }
    ]
}