{
    "checkpoint": "epoch=03-val_acc=0.8633",
    "train": [
        {
            "loss": 0.22184187173843384,
            "acc": 0.9159231185913086
        }
    ],
    "validation": [
        {
            "loss": 0.33065077662467957,
            "acc": 0.8633230924606323
        }
    ],
    "test": [
        {
            "loss": 0.34347963333129883,
            "acc": 0.8579887747764587
        }
    ]
}