{
    "train": {
        "loss": 0.2470816735557852,
        "acc": 0.9054218473949132
    },
    "validation": {
        "loss": 0.4196796794268142,
        "acc": 0.8577952598419948
    },
    "test": {
        "loss": 0.42525137445746747,
        "acc": 0.8522911374682481
    }
}