{
    "checkpoint": "epoch=09-val_acc=0.8938",
    "train": [
        {
            "loss": 0.07707737386226654,
            "acc": 0.986328125
        }
    ],
    "validation": [
        {
            "loss": 0.26393213868141174,
            "acc": 0.8937652707099915
        }
    ],
    "test": [
        {
            "loss": 0.2817794680595398,
            "acc": 0.8958439826965332
        }
    ]
}