{
    "checkpoint": "epoch=07-avg_tr_loss=0.2040-avg_tr_acc=0.8938-avg_val_loss=0.3213-avg_val_acc=0.8938",
    "train": {
        "loss": 0.11621577800474643,
        "acc": 0.9734964322120285
    },
    "validation": {
        "loss": 0.32127288147643374,
        "acc": 0.8937728937728938
    },
    "test": {
        "loss": 0.2782542724609375,
        "acc": 0.904
    }
}