{
    "checkpoint": "epoch=07-avg_tr_loss=0.2037-avg_tr_acc=0.8919-avg_val_loss=0.3207-avg_val_acc=0.8919",
    "train": {
        "loss": 0.1161226262861557,
        "acc": 0.9739041794087666
    },
    "validation": {
        "loss": 0.32067373646047964,
        "acc": 0.891941391941392
    },
    "test": {
        "loss": 0.27830731201171877,
        "acc": 0.896
    }
}