{
    "checkpoint": "epoch=04-tr_loss=0.29-val_loss=0.35-tr_acc=0.87-val_acc=0.86",
    "train": {
        "loss": 0.2636110005750192,
        "acc": 0.9035801193373112
    },
    "validation": {
        "loss": 0.4442935532746925,
        "acc": 0.8559618653955132
    },
    "test": {
        "loss": 0.44351993150839053,
        "acc": 0.8512910774646478
    }
}