{
    "checkpoint": "epoch=01-val_acc=0.8639",
    "train": [
        {
            "loss": 0.28127962350845337,
            "acc": 0.8907598257064819
        }
    ],
    "validation": [
        {
            "loss": 0.33133256435394287,
            "acc": 0.8639223575592041
        }
    ],
    "test": [
        {
            "loss": 0.3400118052959442,
            "acc": 0.857356607913971
        }
    ]
}