{
    "checkpoint": "epoch=03-avg_tr_loss=0.3118-avg_tr_acc=0.8646-avg_val_loss=0.3407-avg_val_acc=0.8646",
    "train": {
        "loss": 0.2226082013454202,
        "acc": 0.9174487943997925
    },
    "validation": {
        "loss": 0.34074348958333334,
        "acc": 0.8646
    },
    "test": {
        "loss": 0.3386693435981159,
        "acc": 0.8578914734884093
    }
}