{
    "checkpoint": "epoch=03-avg_tr_loss=0.3158-avg_tr_acc=0.8663-avg_val_loss=0.3755-avg_val_acc=0.8663",
    "train": {
        "loss": 0.2454560817067299,
        "acc": 0.9173228638097707
    },
    "validation": {
        "loss": 0.37545719401041666,
        "acc": 0.8663333333333333
    },
    "test": {
        "loss": 0.3518762297612857,
        "acc": 0.8596115766946016
    }
}