{
    "checkpoint": "epoch=09-val_acc=0.9179",
    "train": [
        {
            "loss": 0.22554150223731995,
            "acc": 0.9449422955513
        }
    ],
    "validation": [
        {
            "loss": 0.3313165009021759,
            "acc": 0.9003522992134094
        }
    ],
    "test": [
        {
            "loss": 0.35409730672836304,
            "acc": 0.8855020403862
        }
    ]
}