{
    "checkpoint": "epoch=09-val_acc=0.9179",
    "train": [
        {
            "loss": 0.2265947312116623,
            "acc": 0.9449611902236938
        }
    ],
    "validation": [
        {
            "loss": 0.29666122794151306,
            "acc": 0.9179112911224365
        }
    ],
    "test": [
        {
            "loss": 0.35298678278923035,
            "acc": 0.8860000371932983
        }
    ]
}