{
    "checkpoint": "epoch=09-val_acc=0.8938",
    "train": [
        {
            "loss": 0.07722876220941544,
            "acc": 0.986132800579071
        }
    ],
    "validation": [
        {
            "loss": 0.26395127177238464,
            "acc": 0.8937652707099915
        }
    ],
    "test": [
        {
            "loss": 0.28263139724731445,
            "acc": 0.9018955230712891
        }
    ]
}