{
    "checkpoint": "epoch=09-val_acc=0.8718",
    "train": [
        {
            "loss": 0.22574961185455322,
            "acc": 0.9457806944847107
        }
    ],
    "validation": [
        {
            "loss": 0.38767892122268677,
            "acc": 0.8717948794364929
        }
    ],
    "test": [
        {
            "loss": 0.35298678278923035,
            "acc": 0.8860000371932983
        }
    ]
}